{
  "ablation_name": "transpiled_only",
  "model_name": "ridge_regression",
  "model_display_name": "Ridge Regression",
  "best_params": {
    "alpha": 0.1
  },
  "validation_metrics": {
    "mae": 0.09401033136937191,
    "rmse": 0.1359591608775044,
    "r2": 0.6180404812230683,
    "train_rows": 100000,
    "validation_rows": 12500,
    "test_rows": 12500,
    "feature_columns_before_encoding": 44,
    "cv_best_r2": 0.6192721700224664
  },
  "test_metrics": {
    "mae": 0.0920557353765922,
    "rmse": 0.13160230512065527,
    "r2": 0.6286452871471735,
    "train_rows": 100000,
    "validation_rows": 12500,
    "test_rows": 12500,
    "feature_columns_before_encoding": 44,
    "cv_best_r2": 0.6192721700224664
  }
}