{
  "ablation_name": "both_without_local_features",
  "model_name": "random_forest_regressor",
  "model_display_name": "Random Forest Regressor",
  "best_params": {
    "max_depth": 12,
    "min_samples_leaf": 2
  },
  "validation_metrics": {
    "mae": 0.04028753006230334,
    "rmse": 0.07146396032058992,
    "r2": 0.8563041065452581,
    "train_rows": 200000,
    "validation_rows": 25000,
    "test_rows": 25000,
    "feature_columns_before_encoding": 38,
    "cv_best_r2": 0.8582246046012942
  },
  "test_metrics": {
    "mae": 0.03937267181014958,
    "rmse": 0.06934621620857044,
    "r2": 0.8592389901583612,
    "train_rows": 200000,
    "validation_rows": 25000,
    "test_rows": 25000,
    "feature_columns_before_encoding": 38,
    "cv_best_r2": 0.8582246046012942
  }
}