{
  "ablation_name": "raw_only",
  "model_name": "xgboost_regressor",
  "model_display_name": "XGBoost Regressor",
  "best_params": {
    "learning_rate": 0.1,
    "max_depth": 6
  },
  "validation_metrics": {
    "mae": 0.026030474531650544,
    "rmse": 0.03714921986910519,
    "r2": 0.927935634880411,
    "train_rows": 100000,
    "validation_rows": 12500,
    "test_rows": 12500,
    "feature_columns_before_encoding": 37,
    "cv_best_r2": 0.9278693479570498
  },
  "test_metrics": {
    "mae": 0.02582326156616211,
    "rmse": 0.036991524406632725,
    "r2": 0.9250477677862818,
    "train_rows": 100000,
    "validation_rows": 12500,
    "test_rows": 12500,
    "feature_columns_before_encoding": 37,
    "cv_best_r2": 0.9278693479570498
  }
}