{
  "available": true,
  "variant_metrics": [
    {
      "compiler_variant": "transpiled",
      "mae": 0.049856826052423205,
      "rmse": 0.08852504143486187,
      "r2": 0.8319671379731601
    }
  ]
}