{
  "ablation_name": "both",
  "model_name": "ridge_regression",
  "model_display_name": "Ridge Regression",
  "best_params": {
    "alpha": 0.1
  },
  "validation_metrics": {
    "mae": 0.0741311766001042,
    "rmse": 0.11277585423854586,
    "r2": 0.6421488244904011,
    "train_rows": 200000,
    "validation_rows": 25000,
    "test_rows": 25000,
    "feature_columns_before_encoding": 37,
    "cv_best_r2": 0.6425623418707646
  },
  "test_metrics": {
    "mae": 0.07291884674151283,
    "rmse": 0.11014147833917493,
    "r2": 0.6449098396996189,
    "train_rows": 200000,
    "validation_rows": 25000,
    "test_rows": 25000,
    "feature_columns_before_encoding": 37,
    "cv_best_r2": 0.6425623418707646
  }
}