{
  "available": true,
  "variant_metrics": [
    {
      "compiler_variant": "raw",
      "mae": 0.05311193656828884,
      "rmse": 0.06786592168039197,
      "r2": 0.7477195383584111
    },
    {
      "compiler_variant": "transpiled",
      "mae": 0.09414692420419185,
      "rmse": 0.13892694005047238,
      "r2": 0.5861576918540311
    }
  ],
  "delta_mae_transpiled_minus_raw": 0.04103498763590301,
  "delta_r2_transpiled_minus_raw": -0.16156184650438,
  "sharp_difference_flag": true
}