split_name,ablation_name,model_name,slice_name,slice_value,sample_count,mae,rmse,r2
test,both_with_local_features,dummy_mean,qubit_count,6,4564,0.20064166088375057,0.26331723729100703,-0.8963867259234042
test,both_with_local_features,dummy_mean,family,qft_lite,2284,0.19682979035546191,0.24886955645916964,-0.07992977362177056
test,both_with_local_features,dummy_mean,family,decoherence_sensitive,2344,0.19376737592990081,0.2475016081120052,-0.007624733195332523
test,both_with_local_features,dummy_mean,family,measurement_sensitive,2140,0.18541563467435745,0.2382323107429973,-0.00560573122468111
test,both_with_local_features,dummy_mean,family,mixed_random,1562,0.1745950496909011,0.22107244450563848,-0.005506495257303845
