model_name,model_display_name,validation_mae,validation_rmse,validation_r2,validation_train_rows,validation_validation_rows,validation_test_rows,validation_feature_columns_before_encoding,validation_training_seconds,test_mae,test_rmse,test_r2,test_train_rows,test_validation_rows,test_test_rows,test_feature_columns_before_encoding,test_training_seconds
dummy_mean,Dummy Mean,0.14102931622489784,0.17685552146498906,-0.00023655910477904385,79973,14995,4999,9,0.021,0.1421088839767786,0.1776496553078221,-0.0001681222529268389,79973,14995,4999,9,0.021
random_forest_regressor,Random Forest Regressor,0.14095935097037574,0.17686802369921995,-0.0003779811384463372,79973,14995,4999,9,7.3457,0.14205474740273094,0.17754818316668147,0.0009741283836686154,79973,14995,4999,9,7.3457
xgboost_regressor,XGBoost Regressor,0.14101854562369923,0.1773299058426304,-0.005609679165909931,79973,14995,4999,9,1.3532,0.14208524928392693,0.177948482889791,-0.0035357527142831913,79973,14995,4999,9,1.3532
