{
  "ablation_name": "both_without_local_features",
  "model_name": "dummy_mean",
  "model_display_name": "Dummy Mean",
  "best_params": {},
  "validation_metrics": {
    "mae": 0.14399470648124998,
    "rmse": 0.18852555194769488,
    "r2": -2.4498058469824002e-05,
    "train_rows": 200000,
    "validation_rows": 25000,
    "test_rows": 25000,
    "feature_columns_before_encoding": 38,
    "cv_best_r2": -1.600705174335341e-06
  },
  "test_metrics": {
    "mae": 0.14169166397968752,
    "rmse": 0.1848402831124288,
    "r2": -6.927643377729886e-05,
    "train_rows": 200000,
    "validation_rows": 25000,
    "test_rows": 25000,
    "feature_columns_before_encoding": 38,
    "cv_best_r2": -1.600705174335341e-06
  }
}