feature,importance
t2_t1_ratio,0.1783956306698865
readout_error,0.17505021662723064
error_rate_gate,0.1695229377318113
t1_time,0.14983828034053262
t2_time,0.1352193659411138
qubit_count,0.0646097440642091
cx_density,0.057443639358708755
gate_depth,0.05707160880130608
device_type_trapped_ion,0.006818781575860719
device_type_superconducting,0.006029794889340528
