{
  "ablation_name": "both",
  "model_name": "random_forest_regressor",
  "model_display_name": "Random Forest Regressor",
  "best_params": {
    "max_depth": null,
    "min_samples_leaf": 2
  },
  "validation_metrics": {
    "mae": 0.04053686359910326,
    "rmse": 0.07512540862433964,
    "r2": 0.8412024155637595,
    "train_rows": 200000,
    "validation_rows": 25000,
    "test_rows": 25000,
    "feature_columns_before_encoding": 37,
    "cv_best_r2": 0.8443912119694669
  },
  "test_metrics": {
    "mae": 0.039423957984535,
    "rmse": 0.07219445784937015,
    "r2": 0.8474386391396485,
    "train_rows": 200000,
    "validation_rows": 25000,
    "test_rows": 25000,
    "feature_columns_before_encoding": 37,
    "cv_best_r2": 0.8443912119694669
  }
}